City_ID,City,Country,Date,Lat,Lng,Max Temp,Humidity,Cloudiness,Wind Speed
0,Rikitea,PF,2021-10-05 19:51:05,-23.1203,-134.9692,74.37,78,48,19.82
1,Fort Nelson,CA,2021-10-05 19:51:05,58.8053,-122.7002,36.99,65,75,3.44
2,Kaeo,NZ,2021-10-05 19:51:06,-35.1,173.7833,61.32,97,100,3.89
3,Georgetown,MY,2021-10-05 19:51:06,5.4112,100.3354,78.73,90,40,3.0
4,Mataura,NZ,2021-10-05 19:51:06,-46.1927,168.8643,49.48,96,100,5.17
5,Punta Arenas,CL,2021-10-05 19:51:07,-53.15,-70.9167,50.11,43,0,23.02
6,Busselton,AU,2021-10-05 19:51:07,-33.65,115.3333,39.04,70,83,4.59
7,Chuy,UY,2021-10-05 19:51:08,-33.6971,-53.4616,63.84,58,0,7.16
8,Hithadhoo,MV,2021-10-05 19:51:08,-0.6,73.0833,83.52,76,99,18.19
9,Hermanus,ZA,2021-10-05 19:51:09,-34.4187,19.2345,57.79,84,13,9.22
10,Ancud,CL,2021-10-05 19:46:34,-41.8697,-73.8203,53.13,48,1,8.25
11,Mahebourg,MU,2021-10-05 19:51:11,-20.4081,57.7,71.26,88,40,4.61
12,Gari,RU,2021-10-05 19:51:12,59.4307,62.3497,34.84,87,100,4.79
13,Carlos Chagas,BR,2021-10-05 19:51:12,-17.7031,-40.7664,94.71,24,85,13.51
14,Port Moresby,PG,2021-10-05 19:51:14,-9.4431,147.1797,76.42,88,40,3.44
15,Kloulklubed,PW,2021-10-05 19:51:14,7.0419,134.2556,82.62,78,100,20.24
16,Ketchikan,US,2021-10-05 19:51:14,55.3422,-131.6461,46.87,57,1,11.5
17,Ushuaia,AR,2021-10-05 19:50:36,-54.8,-68.3,47.82,53,0,23.02
18,Guarapari,BR,2021-10-05 19:51:15,-20.6667,-40.4975,76.89,85,100,6.4
19,Albany,US,2021-10-05 19:50:24,42.6001,-73.9662,62.8,95,100,1.52
20,Hilo,US,2021-10-05 19:51:16,19.7297,-155.09,80.8,79,90,4.61
21,Beaufort,MY,2021-10-05 19:51:17,5.3473,115.7455,78.96,96,98,2.59
22,Victor Harbor,AU,2021-10-05 19:51:17,-35.5667,138.6167,59.79,51,69,9.98
23,Caraquet,CA,2021-10-05 19:51:18,47.7941,-64.9386,66.78,58,9,6.35
24,Bredasdorp,ZA,2021-10-05 19:51:19,-34.5322,20.0403,58.32,82,11,11.5
25,Buraydah,SA,2021-10-05 19:51:19,26.326,43.975,90.05,19,0,9.78
26,Arraial Do Cabo,BR,2021-10-05 19:51:19,-22.9661,-42.0278,71.46,83,90,6.91
27,Tuatapere,NZ,2021-10-05 19:51:20,-46.1333,167.6833,49.82,92,100,3.47
28,Port Hardy,CA,2021-10-05 19:51:21,50.6996,-127.4199,48.38,87,90,5.75
29,Ulladulla,AU,2021-10-05 19:51:21,-35.35,150.4667,53.1,74,15,5.08
30,Bad Freienwalde,DE,2021-10-05 19:51:21,52.7873,14.0304,56.5,95,100,3.0
31,Victoria,HK,2021-10-05 19:46:48,22.2855,114.1577,84.38,74,3,1.99
32,Mikhaylovskoye,RU,2021-10-05 19:51:22,51.8239,79.7172,32.61,94,100,4.61
33,Atar,MR,2021-10-05 19:51:22,20.5169,-13.0499,92.39,17,2,9.22
34,Srednekolymsk,RU,2021-10-05 19:51:22,67.45,153.6833,14.68,89,79,8.16
35,Castro,BR,2021-10-05 19:51:23,-24.7911,-50.0119,65.39,84,93,8.72
36,North Bend,US,2021-10-05 19:49:54,43.4065,-124.2243,57.24,96,90,4.61
37,Aripuana,BR,2021-10-05 19:49:48,-9.1667,-60.6333,86.25,61,98,2.98
38,Karasburg,NA,2021-10-05 19:51:24,-28.0167,18.75,67.28,17,2,12.41
39,Lorengau,PG,2021-10-05 19:51:24,-2.0226,147.2712,80.22,80,100,5.68
40,Cabo San Lucas,MX,2021-10-05 19:51:24,22.8909,-109.9124,95.5,60,0,1.01
41,Aguimes,ES,2021-10-05 19:51:25,27.9054,-15.4461,70.43,62,20,21.85
42,Pala,TD,2021-10-05 19:51:25,9.3642,14.9046,76.26,78,66,5.08
43,Tazovskiy,RU,2021-10-05 19:51:26,67.4667,78.7,40.55,96,100,19.04
44,Tasiilaq,GL,2021-10-05 19:51:26,65.6145,-37.6368,26.87,80,21,5.84
45,Bambous Virieux,MU,2021-10-05 19:51:26,-20.3428,57.7575,71.22,88,40,4.61
46,Chabahar,IR,2021-10-05 19:51:27,25.2919,60.643,81.18,79,7,7.47
47,East London,ZA,2021-10-05 19:51:27,-33.0153,27.9116,61.47,78,58,8.75
48,Butaritari,KI,2021-10-05 19:51:27,3.0707,172.7902,81.81,69,17,14.41
49,Hobart,AU,2021-10-05 19:51:28,-42.8794,147.3294,48.06,62,75,5.01
50,Tuktoyaktuk,CA,2021-10-05 19:51:28,69.4541,-133.0374,30.2,86,20,11.5
51,Olden,NO,2021-10-05 19:51:28,61.8364,6.8064,54.91,80,99,5.1
52,Yebaishou,CN,2021-10-05 19:51:29,41.3975,119.6408,49.59,58,100,4.54
53,Barrhead,GB,2021-10-05 19:51:29,55.7992,-4.3929,51.53,77,61,3.0
54,Saskylakh,RU,2021-10-05 19:51:29,71.9167,114.0833,22.75,95,100,7.36
55,Nikolskoye,RU,2021-10-05 19:51:30,59.7035,30.7861,51.87,70,97,12.12
56,Norman Wells,CA,2021-10-05 19:51:30,65.282,-126.8329,30.24,86,75,6.91
57,Mareeba,AU,2021-10-05 19:51:31,-17.0,145.4333,70.52,92,6,2.64
58,Port Blair,IN,2021-10-05 19:51:31,11.6667,92.75,79.97,82,97,9.6
59,Lianzhou,CN,2021-10-05 19:51:31,24.7811,112.3825,78.67,78,97,1.86
60,Khatanga,RU,2021-10-05 19:51:32,71.9667,102.5,29.03,98,100,8.97
61,New Norfolk,AU,2021-10-05 19:51:32,-42.7826,147.0587,47.71,55,100,3.0
62,Portland,US,2021-10-05 19:50:19,45.5234,-122.6762,58.77,93,90,1.01
63,Port Alfred,ZA,2021-10-05 19:51:33,-33.5906,26.891,61.05,78,54,13.85
64,Tilichiki,RU,2021-10-05 19:51:33,60.4667,166.1,28.42,79,100,12.17
65,Ewa Beach,US,2021-10-05 19:51:33,21.3156,-158.0072,84.15,58,20,10.36
66,Jamestown,US,2021-10-05 19:48:17,42.097,-79.2353,74.52,75,40,5.01
67,Dikson,RU,2021-10-05 19:51:34,73.5069,80.5464,36.52,95,100,19.51
68,San Patricio,US,2021-10-05 19:51:34,28.017,-97.5169,91.92,26,0,8.97
69,Puerto Ayora,EC,2021-10-05 19:51:34,-0.7393,-90.3518,75.16,83,68,7.0
70,Hualmay,PE,2021-10-05 19:51:35,-11.0964,-77.6139,66.16,74,95,10.76
71,Kuala Terengganu,MY,2021-10-05 19:51:35,5.3302,103.1408,76.95,94,20,3.44
72,Cape Town,ZA,2021-10-05 19:51:36,-33.9258,18.4232,62.28,66,0,3.0
73,Ribeira Grande,PT,2021-10-05 19:51:36,38.5167,-28.7,73.8,94,75,10.36
74,Katete,UG,2021-10-05 19:51:37,-0.7818,29.7544,62.51,94,64,2.98
75,Taoudenni,ML,2021-10-05 19:51:37,22.6783,-3.9836,96.71,9,5,9.08
76,Qaqortoq,GL,2021-10-05 19:51:37,60.7167,-46.0333,38.43,73,1,7.72
77,Grindavik,IS,2021-10-05 19:51:38,63.8424,-22.4338,44.55,87,90,12.66
78,Ibanda,TZ,2021-10-05 19:51:38,-2.7974,32.4746,70.41,74,99,3.71
79,Bindura,ZW,2021-10-05 19:51:38,-17.3019,31.3306,70.14,61,51,6.82
80,Kupang,ID,2021-10-05 19:51:39,-10.1667,123.5833,76.86,80,89,5.68
81,Moree,AU,2021-10-05 19:51:39,-29.4667,149.85,41.02,87,0,4.61
82,Ahipara,NZ,2021-10-05 19:51:40,-35.1667,173.1667,61.83,90,99,6.82
83,Thompson,CA,2021-10-05 19:48:54,55.7435,-97.8558,53.76,37,75,6.91
84,Haines Junction,CA,2021-10-05 19:51:40,60.7522,-137.5108,33.75,69,90,3.44
85,Grand Baie,MU,2021-10-05 19:51:41,-20.0182,57.5802,71.46,79,56,1.01
86,Leshukonskoye,RU,2021-10-05 19:51:41,64.8989,45.7622,43.63,83,0,10.98
87,Yellowknife,CA,2021-10-05 19:51:41,62.456,-114.3525,43.41,95,75,1.99
88,Fengzhen,CN,2021-10-05 19:51:42,40.4394,113.1536,45.12,91,100,5.12
89,Travesia,HN,2021-10-05 19:51:42,15.8667,-87.9,91.69,75,44,6.73
90,Saint George,US,2021-10-05 19:48:54,37.1041,-113.5841,84.63,33,1,5.99
91,Omboue,GA,2021-10-05 19:51:43,-1.5746,9.2618,76.96,86,100,10.27
92,Codrington,AU,2021-10-05 19:51:43,-38.2667,141.9667,40.75,92,56,8.88
93,Padang,ID,2021-10-05 19:51:43,-0.9492,100.3543,77.27,88,100,2.51
94,Batouri,CM,2021-10-05 19:48:50,4.4333,14.3667,68.97,96,99,2.33
95,Luwuk,ID,2021-10-05 19:51:44,-0.9516,122.7875,76.57,74,100,3.02
96,Adrar,MR,2021-10-05 19:51:44,20.5022,-10.0711,93.33,10,1,6.2
97,Tarakan,ID,2021-10-05 19:51:45,3.3,117.6333,80.67,77,100,7.27
98,Gimli,CA,2021-10-05 19:51:45,50.6336,-96.9907,86.43,53,95,16.11
99,Wanganui,NZ,2021-10-05 19:51:46,-39.9333,175.05,58.73,88,100,5.01
100,Shenjiamen,CN,2021-10-05 19:51:46,29.9576,122.298,77.4,84,0,13.91
101,Ayorou,NE,2021-10-05 19:51:46,14.7308,0.9174,99.73,18,87,6.73
102,Avarua,CK,2021-10-05 19:51:47,-21.2078,-159.775,77.05,73,29,18.41
103,Vestmannaeyjar,IS,2021-10-05 19:51:47,63.4427,-20.2734,43.63,89,100,24.47
104,Bathsheba,BB,2021-10-05 19:51:48,13.2167,-59.5167,88.41,62,40,21.85
105,Santa Isabel Do Rio Negro,BR,2021-10-05 19:51:48,-0.4139,-65.0192,89.98,54,86,5.91
106,Doha,QA,2021-10-05 19:51:48,25.2867,51.5333,89.91,68,0,4.61
107,Souillac,MU,2021-10-05 19:51:49,-20.5167,57.5167,71.37,88,40,4.61
108,Pochutla,MX,2021-10-05 19:51:49,15.7432,-96.4661,93.02,59,28,7.43
109,Zaragoza,ES,2021-10-05 19:47:56,41.6561,-0.8773,66.79,64,75,4.0
110,Mehamn,NO,2021-10-05 19:51:50,71.0357,27.8492,50.07,81,96,17.87
111,Faanui,PF,2021-10-05 19:51:50,-16.4833,-151.75,78.06,71,44,15.26
112,Puerto Carreno,CO,2021-10-05 19:50:06,6.189,-67.4859,90.55,57,95,2.89
113,Dongsheng,CN,2021-10-05 19:51:50,39.8161,109.9776,46.13,88,100,4.74
114,Kodiak,US,2021-10-05 19:51:51,57.79,-152.4072,44.33,94,100,3.24
115,Busca,IT,2021-10-05 19:51:51,44.5181,7.4743,58.77,100,34,3.44
116,Kyren,RU,2021-10-05 19:51:51,51.6828,102.1408,33.44,83,55,1.54
117,Carutapera,BR,2021-10-05 19:51:52,-1.195,-46.02,83.25,69,52,9.62
118,Tambacounda,SN,2021-10-05 19:51:52,13.7539,-13.7586,86.05,74,75,2.3
119,Vaini,TO,2021-10-05 19:51:52,-21.2,-175.2,75.36,88,75,6.91
120,Bluff,NZ,2021-10-05 19:51:53,-46.6,168.3333,49.8,95,100,7.85
121,Kralendijk,BQ,2021-10-05 19:51:53,12.15,-68.2667,89.58,66,75,25.32
122,Vila Franca Do Campo,PT,2021-10-05 19:51:54,37.7167,-25.4333,76.19,89,100,5.28
123,Kununurra,AU,2021-10-05 19:51:54,-15.7667,128.7333,75.18,78,0,1.14
124,Tiksi,RU,2021-10-05 19:51:54,71.6872,128.8694,28.6,90,100,13.47
125,Kaitangata,NZ,2021-10-05 19:51:55,-46.2817,169.8464,52.41,95,100,12.03
126,Sao Filipe,CV,2021-10-05 19:51:55,14.8961,-24.4956,81.54,72,7,8.86
127,Newnan,US,2021-10-05 19:51:56,33.3807,-84.7997,72.59,85,90,6.91
128,Wyszkow,PL,2021-10-05 19:51:56,52.5928,21.4584,62.15,43,1,20.78
129,Huilong,CN,2021-10-05 19:51:57,31.8111,121.655,76.98,88,20,9.48
130,Lebu,CL,2021-10-05 19:51:57,-37.6167,-73.65,52.79,71,0,23.71
131,Saint-Philippe,RE,2021-10-05 19:51:57,-21.3585,55.7679,69.39,84,22,5.68
132,Port Elizabeth,ZA,2021-10-05 19:51:13,-33.918,25.5701,61.11,84,10,11.12
133,Upernavik,GL,2021-10-05 19:51:58,72.7868,-56.1549,29.98,52,100,5.73
134,Moose Factory,CA,2021-10-05 19:51:59,51.2585,-80.6094,68.0,56,1,12.66
135,Coihaique,CL,2021-10-05 19:51:59,-45.5752,-72.0662,52.41,36,20,2.06
136,Uyskoye,RU,2021-10-05 19:52:00,54.3775,60.0047,35.8,71,100,8.08
137,Trat,TH,2021-10-05 19:52:00,12.5,102.5,79.99,97,100,1.7
138,Vardo,NO,2021-10-05 19:52:01,70.3705,31.1107,52.0,81,75,16.11
139,Heilbron,ZA,2021-10-05 19:52:01,-27.2812,27.9709,61.84,31,41,3.18
140,Bilibino,RU,2021-10-05 19:52:02,68.0546,166.4372,9.68,96,100,3.27
141,Turayf,SA,2021-10-05 19:52:02,31.6725,38.6637,73.65,38,0,4.61
142,Mantua,IT,2021-10-05 19:52:02,45.1667,10.7833,66.06,77,100,3.0
143,Zhigansk,RU,2021-10-05 19:52:03,66.7697,123.3711,28.33,89,100,14.34
144,Flinders,AU,2021-10-05 19:52:03,-34.5833,150.8552,56.17,63,15,8.99
145,Itarema,BR,2021-10-05 19:52:04,-2.9248,-39.9167,81.3,76,84,18.43
146,Atuona,PF,2021-10-05 19:52:04,-9.8,-139.0333,78.21,76,74,22.12
147,Pisco,PE,2021-10-05 19:52:04,-13.7,-76.2167,68.05,68,0,10.36
148,Pangnirtung,CA,2021-10-05 19:52:05,66.1451,-65.7125,41.0,56,90,11.5
149,Shirokiy,RU,2021-10-05 19:52:05,49.758,129.523,36.16,67,70,4.21
150,Constitucion,CL,2021-10-05 19:52:06,-35.3333,-72.4167,60.71,55,100,17.6
151,Byron Bay,AU,2021-10-05 19:52:06,-28.65,153.6167,53.87,57,0,8.84
152,Los Llanos De Aridane,ES,2021-10-05 19:52:06,28.6585,-17.9182,69.55,74,75,14.97
153,Eureka,US,2021-10-05 19:52:07,40.8021,-124.1637,69.13,66,99,7.0
154,Kapaa,US,2021-10-05 19:52:07,22.0752,-159.319,81.19,71,40,1.01
155,Samana,DO,2021-10-05 19:52:07,19.2056,-69.3369,88.02,74,75,9.22
156,Botou,CN,2021-10-05 19:52:08,38.0667,116.5667,51.75,95,100,12.33
157,Ilulissat,GL,2021-10-05 19:52:08,69.2167,-51.1,23.74,65,85,9.98
158,Saryozek,KZ,2021-10-05 19:52:09,44.3583,77.9753,35.38,98,100,5.14
159,Cidreira,BR,2021-10-05 19:52:09,-30.1811,-50.2056,61.34,53,0,8.46
160,Pangai,TO,2021-10-05 19:52:09,-19.8,-174.35,77.11,78,75,14.97
161,Kisanga,TZ,2021-10-05 19:52:10,-7.4362,37.7034,75.88,65,8,6.76
162,Mount Isa,AU,2021-10-05 19:52:10,-20.7333,139.5,71.37,20,95,0.0
163,Krasnoborsk,RU,2021-10-05 19:52:10,61.5598,45.934,39.96,85,65,6.42
164,Fuling,CN,2021-10-05 19:52:11,29.7022,107.3919,76.23,78,1,2.08
165,Torbay,CA,2021-10-05 19:52:11,47.6666,-52.7314,48.27,80,90,23.02
166,Tingi,TZ,2021-10-05 19:52:12,-11.3,35.0333,68.14,52,9,3.85
167,Kankaanpaa,FI,2021-10-05 19:52:12,61.8,22.4167,50.76,94,100,9.35
168,Aklavik,CA,2021-10-05 19:52:12,68.2191,-135.0107,31.03,77,10,14.65
169,Cherskiy,RU,2021-10-05 19:52:13,68.75,161.3,6.67,98,98,2.93
170,Fortuna,US,2021-10-05 19:52:13,40.5982,-124.1573,73.42,66,1,3.0
171,Voh,NC,2021-10-05 19:52:13,-20.9667,164.7,74.1,80,0,1.7
172,Klaksvik,FO,2021-10-05 19:52:14,62.2266,-6.589,43.72,76,98,10.49
173,Richards Bay,ZA,2021-10-05 19:52:14,-28.783,32.0377,66.09,89,100,7.92
174,Mar Del Plata,AR,2021-10-05 19:52:02,-38.0023,-57.5575,71.62,58,0,13.0
175,Mexico,PH,2021-10-05 19:51:32,15.0646,120.7198,78.82,98,100,4.97
176,Katsuura,JP,2021-10-05 19:52:15,35.1333,140.3,70.2,82,99,13.58
177,Santa Cruz Del Sur,CU,2021-10-05 19:52:15,20.7147,-77.9956,85.73,58,88,7.16
178,Jasper,US,2021-10-05 19:52:16,37.2001,-94.3502,77.05,55,75,1.01
179,Chara,RU,2021-10-05 19:52:16,56.9064,118.2631,26.19,68,17,1.88
180,Khor,RU,2021-10-05 19:52:16,47.8861,134.9464,34.2,77,0,8.12
181,Wau,SS,2021-10-05 19:52:17,7.7029,27.9953,75.45,76,70,4.27
182,Port Lincoln,AU,2021-10-05 19:52:18,-34.7333,135.8667,56.17,65,73,8.01
183,Matara,LK,2021-10-05 19:52:18,5.9485,80.5353,77.29,89,100,10.4
184,Ostrovnoy,RU,2021-10-05 19:52:19,68.0531,39.5131,47.26,89,100,28.72
185,Severo-Kurilsk,RU,2021-10-05 19:52:19,50.6789,156.125,42.69,85,38,23.64
186,San Carlos De Bariloche,AR,2021-10-05 19:50:27,-41.1456,-71.3082,44.35,29,75,16.11
187,Alamosa,US,2021-10-05 19:52:20,37.4695,-105.87,71.65,21,20,6.78
188,Nishihara,JP,2021-10-05 19:52:21,26.1842,127.7558,81.68,89,75,10.36
189,Zemio,CF,2021-10-05 19:52:21,5.0314,25.1361,69.96,95,31,2.75
190,Kutum,SD,2021-10-05 19:52:21,14.2,24.6667,78.04,19,0,15.86
191,Ponta Do Sol,PT,2021-10-05 19:52:22,32.6667,-17.1,72.23,74,100,5.35
192,Clyde River,CA,2021-10-05 19:52:22,70.4692,-68.5914,34.03,100,90,11.5
193,Carnarvon,AU,2021-10-05 19:52:22,-24.8667,113.6333,60.87,67,34,17.27
194,Wamba,NG,2021-10-05 19:52:23,8.9333,8.6,76.96,84,99,2.26
195,Yeppoon,AU,2021-10-05 19:52:23,-23.1333,150.7333,55.18,64,0,6.49
196,Hit,IQ,2021-10-05 19:52:23,33.6416,42.8251,76.96,28,0,2.28
197,Manavalakurichi,IN,2021-10-05 19:52:24,8.1333,77.3,77.09,88,68,9.66
198,Longyearbyen,SJ,2021-10-05 19:52:24,78.2186,15.6401,33.85,89,98,9.73
199,Motala,SE,2021-10-05 19:52:25,58.5371,15.0365,51.57,93,100,5.99
200,Flin Flon,CA,2021-10-05 19:52:25,54.7682,-101.865,53.44,32,90,12.66
201,Pacific Grove,US,2021-10-05 19:52:25,36.6177,-121.9166,81.61,77,1,1.99
202,Goulburn,AU,2021-10-05 19:52:26,-34.75,149.7167,36.64,84,45,13.87
203,Airai,TL,2021-10-05 19:52:26,-8.9266,125.4092,59.56,65,94,1.7
204,Pasighat,IN,2021-10-05 19:52:26,28.0667,95.3333,72.57,89,66,2.28
205,Katherine,AU,2021-10-05 19:52:27,-14.4667,132.2667,82.72,61,100,6.91
206,Otane,NZ,2021-10-05 19:52:27,-39.8833,176.6333,57.0,97,100,4.07
207,Almirante,PA,2021-10-05 19:52:27,9.3,-82.4,86.9,68,59,6.2
208,Oranjestad,AW,2021-10-05 19:52:28,12.524,-70.027,89.55,66,40,25.32
209,Durusu,TR,2021-10-05 19:52:28,41.3053,28.6767,61.84,69,100,15.99
210,Lagoa,PT,2021-10-05 19:52:28,39.05,-27.9833,71.94,87,55,10.22
211,Vila,PT,2021-10-05 19:52:29,42.0304,-8.1588,54.93,90,6,2.51
212,Lucapa,AO,2021-10-05 19:52:29,-8.4192,20.7447,68.59,89,63,0.18
213,Monrovia,LR,2021-10-05 19:52:29,6.3005,-10.7969,80.37,86,18,7.87
214,Caravelas,BR,2021-10-05 19:52:30,-17.7125,-39.2481,77.77,77,83,10.47
215,Talnakh,RU,2021-10-05 19:52:30,69.4865,88.3972,33.57,100,100,5.26
216,Sinnamary,GF,2021-10-05 19:52:31,5.3833,-52.95,84.27,69,85,9.04
217,Iqaluit,CA,2021-10-05 19:52:31,63.7506,-68.5145,40.73,80,75,17.0
218,Barrow,US,2021-10-05 19:52:31,71.2906,-156.7887,26.62,80,90,13.8
219,Qaanaaq,GL,2021-10-05 19:52:32,77.484,-69.3632,27.72,92,100,5.5
220,La Ronge,CA,2021-10-05 19:51:04,55.1001,-105.2842,50.25,37,90,17.27
221,Kimbe,PG,2021-10-05 19:52:32,-5.5502,150.1429,75.29,94,93,4.41
222,Sept-Iles,CA,2021-10-05 19:50:00,50.2001,-66.3821,57.72,67,75,3.0
223,Egvekinot,RU,2021-10-05 19:52:33,66.3167,-179.1667,28.72,92,100,11.97
224,Jiwani,PK,2021-10-05 19:52:33,25.05,61.7417,80.46,85,6,8.16
225,Totma,RU,2021-10-05 19:52:33,59.9747,42.7642,37.09,89,5,5.32
226,Deputatskiy,RU,2021-10-05 19:52:34,69.3,139.9,17.55,81,100,8.14
227,Sao Joao Da Barra,BR,2021-10-05 19:52:34,-21.6403,-41.0511,77.09,83,100,11.99
228,Porto Seguro,BR,2021-10-05 19:52:35,-16.4497,-39.0647,81.12,69,20,17.27
229,Naze,JP,2021-10-05 19:52:35,28.3667,129.4833,76.96,72,71,17.56
230,Maniitsoq,GL,2021-10-05 19:52:36,65.4167,-52.9,39.34,61,99,7.0
231,Maloy,NO,2021-10-05 19:52:36,61.9353,5.1136,54.07,81,100,3.0
232,Srandakan,ID,2021-10-05 19:52:36,-7.9386,110.2506,75.33,85,100,8.39
233,Saldanha,ZA,2021-10-05 19:52:37,-33.0117,17.9442,62.65,69,6,10.6
234,Esperance,AU,2021-10-05 19:52:37,-33.8667,121.9,49.84,68,97,11.03
235,Tezu,IN,2021-10-05 19:52:37,27.9167,96.1667,72.84,78,69,2.75
236,Beloha,MG,2021-10-05 19:52:38,-25.1667,45.05,65.05,73,0,8.81
237,Esmeraldas,BR,2021-10-05 19:52:38,-19.7625,-44.3139,90.64,41,79,3.29
238,Diu,IN,2021-10-05 19:52:38,20.7141,70.9822,80.96,77,100,5.82
239,Arlit,NE,2021-10-05 19:50:04,18.7369,7.3853,91.65,13,0,9.01
240,Chimbote,PE,2021-10-05 19:48:00,-9.0853,-78.5783,66.9,76,60,12.55
241,Ayr,GB,2021-10-05 19:52:39,55.4627,-4.6339,51.49,81,20,9.22
242,Carora,VE,2021-10-05 19:52:39,10.1755,-70.0827,93.7,37,97,16.42
243,Inuvik,CA,2021-10-05 19:52:40,68.3499,-133.7218,31.06,80,40,5.75
244,Cartagena,CO,2021-10-05 19:48:21,10.3997,-75.5144,89.22,70,40,10.36
245,Salalah,OM,2021-10-05 19:52:40,17.0151,54.0924,79.52,90,64,6.71
246,Valente,BR,2021-10-05 19:52:41,-11.4122,-39.4619,90.91,27,30,6.51
247,Bonito,BR,2021-10-05 19:52:41,-21.1211,-56.4819,89.46,41,100,2.91
248,Saint Anthony,US,2021-10-05 19:52:41,45.0205,-93.218,77.76,55,75,4.0
249,Namibe,AO,2021-10-05 19:52:42,-15.1961,12.1522,64.02,73,89,10.31
250,Palmas Bellas,PA,2021-10-05 19:52:42,9.2319,-80.0867,87.71,73,100,8.59
251,Chokurdakh,RU,2021-10-05 19:52:42,70.6333,147.9167,21.02,89,99,9.86
252,Gallup,US,2021-10-05 19:52:43,35.5281,-108.7426,69.64,40,75,12.66
253,Jiaonan,CN,2021-10-05 19:52:43,35.8786,119.9753,60.82,86,100,9.82
254,Dharchula,IN,2021-10-05 19:52:43,29.85,80.5333,64.44,77,1,4.36
255,Puerto Ayacucho,VE,2021-10-05 19:52:44,5.6639,-67.6236,88.56,67,92,2.71
256,Salmas,IR,2021-10-05 19:52:44,38.1973,44.7653,50.99,77,40,2.42
257,Port Macquarie,AU,2021-10-05 19:52:45,-31.4333,152.9167,51.76,52,0,5.21
258,Yelatma,RU,2021-10-05 19:52:45,54.9675,41.7508,36.81,70,0,5.12
259,Leopold,AU,2021-10-05 19:52:45,-38.1833,144.4667,47.84,92,20,1.01
260,Umm Kaddadah,SD,2021-10-05 19:52:46,13.6017,26.6876,87.93,18,0,10.87
261,Yining,CN,2021-10-05 19:52:46,29.0361,114.5636,69.89,96,1,2.53
262,Nuuk,GL,2021-10-05 19:51:47,64.1835,-51.7216,41.88,60,100,10.0
263,Santa Maria Del Oro,MX,2021-10-05 19:52:46,25.9333,-105.3667,77.07,41,33,7.56
264,Sao Jose Da Coroa Grande,BR,2021-10-05 19:52:47,-8.8978,-35.1478,77.18,75,55,6.87
265,Anadyr,RU,2021-10-05 19:52:47,64.75,177.4833,32.5,100,90,8.01
266,Novaya Zaimka,RU,2021-10-05 19:52:48,56.4857,66.9241,28.24,88,93,3.96
267,Marystown,CA,2021-10-05 19:52:48,47.1666,-55.1483,52.86,100,100,8.01
268,Maragogipe,BR,2021-10-05 19:52:48,-12.7778,-38.9194,80.65,64,99,9.84
269,Asgabat,TM,2021-10-05 19:52:49,37.95,58.3833,62.46,27,75,6.91
270,Honningsvag,NO,2021-10-05 19:52:49,70.9821,25.9704,48.99,83,97,13.76
271,Fare,PF,2021-10-05 19:52:49,-16.7,-151.0167,78.64,65,0,15.48
272,Coquimbo,CL,2021-10-05 19:49:49,-29.9533,-71.3436,58.73,72,20,14.97
273,Burgos,ES,2021-10-05 19:52:50,42.3394,-3.7079,52.21,93,20,6.91
274,Pedernales,DO,2021-10-05 19:52:50,18.0384,-71.744,88.61,57,100,14.09
275,Sturgis,US,2021-10-05 19:52:51,41.7992,-85.4192,73.42,44,75,9.22
276,Ust-Uda,RU,2021-10-05 19:52:51,54.1742,103.0304,33.26,75,16,2.13
277,San Cristobal,VE,2021-10-05 19:52:51,7.7669,-72.225,80.78,66,91,5.5
278,Yulara,AU,2021-10-05 19:52:52,-25.2406,130.9889,71.44,23,86,5.75
279,Sassandra,CI,2021-10-05 19:52:52,4.95,-6.0833,76.44,90,0,5.5
280,Udachnyy,RU,2021-10-05 19:52:53,66.4167,112.4,28.27,78,100,16.82
281,Port Hedland,AU,2021-10-05 19:52:53,-20.3167,118.5667,62.65,94,2,4.61
282,High Rock,BS,2021-10-05 19:52:53,26.6208,-78.2833,87.82,72,5,12.17
283,Alice Springs,AU,2021-10-05 19:52:54,-23.7,133.8833,62.15,29,4,5.75
284,Lavrentiya,RU,2021-10-05 19:52:54,65.5833,-171.0,36.23,99,100,7.16
285,Yarada,IN,2021-10-05 19:52:54,17.65,83.2667,80.92,94,40,2.3
286,Pozo Colorado,PY,2021-10-05 19:52:55,-23.4923,-58.7972,89.37,36,27,1.99
287,Akyab,MM,2021-10-05 19:52:55,20.15,92.9,79.86,86,4,3.49
288,Kahului,US,2021-10-05 19:52:56,20.8947,-156.47,84.22,63,20,18.41
289,Florence,IT,2021-10-05 19:52:56,43.7667,11.25,70.84,71,0,9.22
290,Kamaishi,JP,2021-10-05 19:52:56,39.2667,141.8833,61.79,91,100,11.74
291,Kargasok,RU,2021-10-05 19:52:57,59.0556,80.8572,27.39,83,52,4.16
292,Mocuba,MZ,2021-10-05 19:52:57,-16.8392,36.9856,73.27,83,0,4.03
293,Chapais,CA,2021-10-05 19:52:57,49.7834,-74.8492,62.38,46,0,4.76
294,San Quintin,MX,2021-10-05 19:52:59,30.4833,-115.95,74.5,65,12,10.92
295,Marion,US,2021-10-05 19:50:49,39.7684,-86.1555,79.12,70,75,4.61
296,Port-Gentil,GA,2021-10-05 19:52:59,-0.7193,8.7815,78.76,89,75,10.36
297,Sucua,EC,2021-10-05 19:48:03,-2.4667,-78.1667,83.14,54,40,6.91
298,Kiama,AU,2021-10-05 19:53:00,-34.6833,150.8667,56.37,63,9,8.01
299,Tecoanapa,MX,2021-10-05 19:53:00,16.5167,-98.75,86.27,71,11,8.86
300,Fukuma,JP,2021-10-05 19:53:01,33.7667,130.4667,69.8,66,34,2.62
301,Luderitz,NA,2021-10-05 19:53:01,-26.6481,15.1594,57.54,78,0,7.4
302,Avera,US,2021-10-05 19:53:01,33.194,-82.5271,76.51,70,100,5.57
303,Mezen,RU,2021-10-05 19:53:02,65.8522,44.24,45.12,84,1,14.27
304,Kruisfontein,ZA,2021-10-05 19:53:02,-34.0033,24.7314,58.89,92,0,6.8
305,Nome,US,2021-10-05 19:50:18,64.5011,-165.4064,42.87,93,90,16.11
306,Smithers,CA,2021-10-05 19:53:03,54.7804,-127.1743,35.92,80,75,2.3
307,Suamico,US,2021-10-05 19:53:03,44.6319,-88.0393,72.37,79,5,6.78
308,Marabba,SD,2021-10-05 19:53:04,12.35,32.1833,88.48,30,47,6.67
309,Khapa,IN,2021-10-05 19:53:04,21.4333,78.9667,78.75,87,74,3.13
310,Panguna,PG,2021-10-05 19:53:04,-6.3164,155.4848,69.22,94,100,3.31
311,Kavaratti,IN,2021-10-05 19:53:05,10.5669,72.642,81.27,82,98,14.9
312,Rubtsovsk,RU,2021-10-05 19:53:05,51.5,81.25,32.23,77,99,3.15
313,Bengkulu,ID,2021-10-05 19:53:05,-3.8004,102.2655,74.43,90,100,3.71
314,Acapulco,MX,2021-10-05 19:52:37,16.8634,-99.8901,85.71,77,13,6.69
315,Kanniyakumari,IN,2021-10-05 19:53:06,8.0833,77.5667,79.25,85,79,13.31
316,Dalby,AU,2021-10-05 19:53:07,-27.1833,151.2667,36.3,58,0,7.54
317,Acarau,BR,2021-10-05 19:53:07,-2.8856,-40.12,81.99,74,61,19.84
318,Narsaq,GL,2021-10-05 19:53:08,60.9167,-46.05,35.28,66,0,5.1
319,Adzope,CI,2021-10-05 19:53:08,6.1069,-3.8619,74.01,98,93,3.11
320,Marand,IR,2021-10-05 19:53:08,38.4329,45.7749,53.94,79,12,6.96
321,Qasigiannguit,GL,2021-10-05 19:53:09,68.8193,-51.1922,24.49,71,87,7.76
322,Fairbanks,US,2021-10-05 19:53:09,64.8378,-147.7164,35.24,93,1,4.61
323,Geilo,NO,2021-10-05 19:53:10,60.5333,8.2076,46.56,88,100,4.38
324,Yar-Sale,RU,2021-10-05 19:53:10,66.8333,70.8333,38.3,88,100,11.03
325,Maun,BW,2021-10-05 19:53:10,-19.9833,23.4167,80.56,39,0,1.14
326,Vilyuysk,RU,2021-10-05 19:53:11,63.7553,121.6247,25.88,91,18,6.35
327,Puerto Narino,CO,2021-10-05 19:53:11,-3.7703,-70.3831,78.75,98,100,3.06
328,Gao,ML,2021-10-05 19:53:11,16.6362,1.637,97.36,18,92,4.47
329,Vao,NC,2021-10-05 19:53:12,-22.6667,167.4833,71.28,90,20,2.82
330,Denpasar,ID,2021-10-05 19:53:12,-8.65,115.2167,78.46,78,40,4.61
331,Sulangan,PH,2021-10-05 19:53:12,11.1373,123.7228,79.41,85,100,10.6
332,Wahiawa,US,2021-10-05 19:51:02,21.5028,-158.0236,80.92,68,90,0.0
333,Labuhan,ID,2021-10-05 19:53:13,-6.8844,112.2051,77.74,76,66,15.28
334,Luoyang,CN,2021-10-05 19:53:13,34.6836,112.4536,53.42,89,100,9.4
335,Tabuk,PH,2021-10-05 19:53:14,17.4189,121.4443,74.14,95,99,0.94
336,Hurghada,EG,2021-10-05 19:53:14,27.2574,33.8129,80.64,39,0,17.27
337,Soma,TR,2021-10-05 19:53:14,39.1855,27.6094,54.37,76,0,10.38
338,Nemuro,JP,2021-10-05 19:53:15,43.3236,145.575,48.97,80,100,4.61
339,Hofn,IS,2021-10-05 19:53:15,64.2539,-15.2082,39.6,64,100,9.4
340,Rundu,NA,2021-10-05 19:53:15,-17.9333,19.7667,73.44,47,51,6.06
341,Broome,US,2021-10-05 19:53:16,42.2506,-75.833,72.01,73,90,1.01
342,Husavik,IS,2021-10-05 19:53:16,66.0449,-17.3389,39.11,78,100,3.8
343,Nanortalik,GL,2021-10-05 19:53:17,60.1432,-45.2371,38.17,77,0,8.37
344,Santa Cruz,BO,2021-10-05 19:49:44,-17.8,-63.1667,86.05,35,36,11.5
345,Hobyo,SO,2021-10-05 19:53:17,5.3505,48.5268,78.94,84,2,18.5
346,Vanimo,PG,2021-10-05 19:53:18,-2.6741,141.3028,77.04,89,63,3.36
347,Takoradi,GH,2021-10-05 19:53:18,4.8845,-1.7554,78.03,88,100,6.69
348,Tessalit,ML,2021-10-05 19:53:18,20.1986,1.0114,90.82,12,10,10.29
349,Imbituba,BR,2021-10-05 19:50:29,-28.24,-48.6703,64.29,66,85,4.36
350,Sorong,ID,2021-10-05 19:53:19,-0.8833,131.25,79.11,83,100,8.68
351,Ardakan,IR,2021-10-05 19:53:19,32.31,54.0175,79.18,17,0,1.59
352,Peniche,PT,2021-10-05 19:53:20,39.3558,-9.3811,68.61,90,95,10.16
353,Bad Driburg,DE,2021-10-05 19:53:20,51.7333,9.0167,56.37,79,100,10.36
354,Provideniya,RU,2021-10-05 19:53:21,64.3833,-173.3,37.51,93,90,6.71
355,Lambarene,GA,2021-10-05 19:53:21,-0.7001,10.2406,74.5,97,100,4.14
356,Shkurinskaya,RU,2021-10-05 19:53:21,46.5858,39.3599,54.86,50,100,19.91
357,Tocopilla,CL,2021-10-05 19:51:53,-22.092,-70.1979,64.45,65,10,6.46
358,Bowen,AU,2021-10-05 19:53:22,-20.0167,148.2333,68.22,92,76,6.73
359,Arcata,US,2021-10-05 19:53:22,40.8665,-124.0828,69.13,65,99,1.01
360,Isangel,VU,2021-10-05 19:53:22,-19.55,169.2667,73.51,94,1,3.44
361,Arawa,PG,2021-10-05 19:53:23,-6.2132,155.5367,77.56,89,100,2.53
362,Geraldton,AU,2021-10-05 19:53:23,-28.7667,114.6,48.61,87,40,4.61
363,Te Anau,NZ,2021-10-05 19:53:24,-45.4167,167.7167,49.26,93,100,1.19
364,Asyut,EG,2021-10-05 19:53:24,27.181,31.1837,73.58,39,0,10.65
365,Yilan,TW,2021-10-05 19:53:25,24.757,121.753,82.51,92,47,3.74
366,Glencoe,ZA,2021-10-05 19:53:26,-28.1783,30.147,56.16,86,62,5.75
367,Petropavlovsk-Kamchatskiy,RU,2021-10-05 19:53:26,53.0452,158.6483,28.99,74,20,8.95
368,Cabra,ES,2021-10-05 19:53:27,37.4725,-4.4421,68.4,53,99,3.53
369,Balagansk,RU,2021-10-05 19:53:28,54.0103,103.0544,34.32,75,15,1.97
370,Harper,LR,2021-10-05 19:53:28,4.375,-7.7169,77.77,87,4,7.14
371,Ciceu-Giurgesti,RO,2021-10-05 19:53:28,47.25,24.0167,57.51,48,2,5.46
372,Pevek,RU,2021-10-05 19:53:29,69.7008,170.3133,27.95,93,100,19.22
373,Keti Bandar,PK,2021-10-05 19:53:29,24.1447,67.4497,80.2,83,3,8.08
374,Tehuacan,MX,2021-10-05 19:53:31,18.45,-97.3833,74.68,57,68,9.08
375,Tautira,PF,2021-10-05 19:53:31,-17.7333,-149.15,82.42,70,69,11.54
376,Lompoc,US,2021-10-05 19:53:31,34.6391,-120.4579,83.21,46,1,5.75
377,Lima,PE,2021-10-05 19:52:32,-12.0432,-77.0282,66.13,86,75,10.36
378,Antalaha,MG,2021-10-05 19:53:32,-14.9003,50.2788,67.57,89,9,5.77
379,Mattru,SL,2021-10-05 19:53:32,7.6244,-11.8332,76.06,96,94,3.78
380,Talcahuano,CL,2021-10-05 19:53:33,-36.7167,-73.1167,62.28,59,20,18.41
381,Tiarei,PF,2021-10-05 19:53:33,-17.5333,-149.3333,82.42,68,20,13.67
382,Dawei,MM,2021-10-05 19:53:34,14.0833,98.2,76.1,95,100,2.93
383,Kars,TR,2021-10-05 19:53:34,40.602,43.095,41.85,87,100,5.68
384,Gonen,TR,2021-10-05 19:53:35,40.1049,27.654,63.01,41,31,3.0
385,Altay,CN,2021-10-05 19:53:35,47.8667,88.1167,46.31,36,100,5.95
386,Bo Phloi,TH,2021-10-05 19:53:35,14.3236,99.5161,74.71,92,100,3.0
387,Hokitika,NZ,2021-10-05 19:53:36,-42.7167,170.9667,53.33,86,100,5.66
388,Buin,CL,2021-10-05 19:52:30,-33.7333,-70.75,78.06,23,0,8.55
389,Bethel,US,2021-10-05 19:53:36,41.3712,-73.414,65.01,87,84,4.32
390,Golden,US,2021-10-05 19:50:01,39.7555,-105.2211,84.43,24,6,1.99
391,Sesimbra,PT,2021-10-05 19:53:37,38.4445,-9.1015,69.46,79,100,9.13
392,Rio Grande,BR,2021-10-05 19:50:19,-32.035,-52.0986,68.11,57,0,10.76
393,Altamura,IT,2021-10-05 19:53:37,40.8292,16.5537,68.58,63,44,4.9
394,Tado,CO,2021-10-05 19:53:38,5.266,-76.5649,78.03,93,100,3.27
395,Burnie,AU,2021-10-05 19:53:38,-41.0667,145.9167,47.95,73,24,7.43
396,Constantine,DZ,2021-10-05 19:53:38,36.365,6.6147,63.81,77,20,6.91
397,Tingo Maria,PE,2021-10-05 19:53:39,-9.2895,-76.0088,77.31,78,75,2.3
398,Galle,LK,2021-10-05 19:53:39,6.0367,80.217,78.51,87,100,11.3
399,Bayanday,RU,2021-10-05 19:53:40,53.0661,105.5139,31.66,88,90,1.7
400,Birjand,IR,2021-10-05 19:53:40,32.8663,59.2211,66.67,7,0,9.22
401,Vilhena,BR,2021-10-05 19:53:14,-12.7406,-60.1458,73.62,88,90,5.75
402,Llanes,ES,2021-10-05 19:53:41,43.4198,-4.7549,60.28,81,100,12.64
403,Najran,SA,2021-10-05 19:53:41,17.4924,44.1277,81.25,17,100,1.79
404,Cabedelo,BR,2021-10-05 19:53:41,-6.9811,-34.8339,83.07,76,36,14.25
405,Sorsk,RU,2021-10-05 19:53:42,54.0033,90.2467,31.93,73,100,4.88
406,Prieska,ZA,2021-10-05 19:53:42,-29.6641,22.7474,61.65,18,2,6.13
407,Salmon Arm,CA,2021-10-05 19:52:06,50.6998,-119.3024,64.44,82,100,1.14
408,Japura,ID,2021-10-05 19:53:43,-0.3167,102.35,74.75,94,89,2.15
409,Mackenzie,CA,2021-10-05 19:53:43,55.2999,-123.1698,37.62,65,90,11.5
410,Chicama,PE,2021-10-05 19:53:44,-7.8447,-79.1469,63.14,60,29,11.56
411,Emba,KZ,2021-10-05 19:53:44,48.8264,58.1442,34.59,47,16,7.76
412,Pomichna,UA,2021-10-05 19:53:45,48.2422,31.4158,50.16,52,12,10.49
413,Shimanovsk,RU,2021-10-05 19:53:45,52.0,127.7,30.9,74,3,5.75
414,Yerbogachen,RU,2021-10-05 19:53:45,61.2767,108.0108,26.53,96,87,5.55
415,Abu Dhabi,AE,2021-10-05 19:53:46,24.4667,54.3667,89.62,74,0,6.91
416,Maniwaki,CA,2021-10-05 19:53:46,46.3834,-75.966,68.54,52,0,4.61
417,Chandvad,IN,2021-10-05 19:53:46,20.3333,74.25,73.71,85,97,5.61
418,Kattivakkam,IN,2021-10-05 19:53:47,13.2167,80.3167,78.89,81,97,1.12
419,Mahasamund,IN,2021-10-05 19:53:47,21.1,82.1,75.88,91,30,3.09
420,Manjacaze,MZ,2021-10-05 19:53:48,-24.7117,33.8828,68.41,92,75,6.96
421,Grootfontein,NA,2021-10-05 19:53:48,-19.5667,18.1167,67.57,24,5,1.14
422,Seoul,KR,2021-10-05 19:53:48,37.5683,126.9778,71.11,91,75,3.44
423,Mount Gambier,AU,2021-10-05 19:53:49,-37.8333,140.7667,42.71,93,31,8.05
424,Trinidad,BO,2021-10-05 19:53:49,-14.8333,-64.9,80.58,54,75,4.61
425,Buzmeyin,TM,2021-10-05 19:53:50,38.0507,58.2056,62.33,27,75,6.91
426,Puerto Colombia,CO,2021-10-05 19:52:30,10.9878,-74.9547,91.49,77,100,6.42
427,Rawson,AR,2021-10-05 19:53:50,-43.3002,-65.1023,47.8,64,89,32.88
428,Limbang,MY,2021-10-05 19:53:50,4.75,115.0,79.11,96,91,2.86
429,Dawson Creek,CA,2021-10-05 19:53:51,55.7666,-120.2362,34.95,93,90,11.5
430,Wolmirstedt,DE,2021-10-05 19:53:51,52.25,11.6333,52.99,97,98,8.79
431,Abha,SA,2021-10-05 19:53:52,18.2164,42.5053,67.82,77,0,0.0
432,Verkh-Usugli,RU,2021-10-05 19:53:52,52.7,115.1667,29.88,66,67,1.21
433,Tortona,IT,2021-10-05 19:53:53,44.8978,8.8637,68.22,99,85,2.08
434,Kazanka,UA,2021-10-05 19:53:53,47.8462,32.8218,52.11,49,15,8.25
435,Warwick,US,2021-10-05 19:53:42,41.7001,-71.4162,61.95,90,90,1.01
436,Bandrele,YT,2021-10-05 19:53:53,-12.9067,45.1914,78.55,78,0,5.75
437,Gravdal,NO,2021-10-05 19:53:54,68.1214,13.5031,51.48,87,75,27.51
438,Can Tho,VN,2021-10-05 19:53:37,10.0333,105.7833,76.98,100,75,2.3
439,Surt,LY,2021-10-05 19:53:54,31.2089,16.5887,75.2,70,0,11.97
440,Holme,DK,2021-10-05 19:53:55,56.1138,10.1725,53.74,94,100,6.49
441,Mayor Pablo Lagerenza,PY,2021-10-05 19:53:55,-19.9309,-60.7718,95.47,27,50,8.16
442,Boa Vista,BR,2021-10-05 19:53:55,2.8197,-60.6733,94.98,41,40,13.8
443,Xinmin,CN,2021-10-05 19:53:56,41.9908,122.8253,55.29,58,100,8.5
444,Akkermanovka,RU,2021-10-05 19:53:56,51.2467,58.2391,26.38,52,100,3.24
445,Adwa,ET,2021-10-05 19:53:56,14.1646,38.8955,65.52,73,100,2.39
446,Rock Sound,BS,2021-10-05 19:53:57,24.9,-76.2,82.98,68,0,6.35
447,Bonfim,BR,2021-10-05 19:53:57,3.0833,-59.95,91.76,46,100,7.05
448,Broken Hill,AU,2021-10-05 19:53:57,-31.95,141.4333,46.11,31,0,6.91
449,Zhicheng,CN,2021-10-05 19:53:58,30.2956,111.5047,61.2,83,34,1.86
450,Forssa,FI,2021-10-05 19:53:58,60.8146,23.6215,48.47,91,100,9.33
451,Lugazi,UG,2021-10-05 19:53:58,0.3772,32.9197,64.2,90,100,0.76
452,Camana,PE,2021-10-05 19:53:59,-16.6228,-72.7111,63.9,76,100,8.05
453,Williamstown,US,2021-10-05 19:53:59,39.6862,-74.9952,67.95,94,100,1.99
454,Kabansk,RU,2021-10-05 19:54:00,52.0486,106.6528,28.89,79,12,2.42
455,Kapoeta,SS,2021-10-05 19:54:00,4.7717,33.5903,80.85,59,46,4.79
456,Abong Mbang,CM,2021-10-05 19:54:00,3.9833,13.1833,67.73,96,99,2.66
457,Andros Town,BS,2021-10-05 19:54:01,24.7,-77.7667,84.16,68,4,9.64
458,Nicoya,CR,2021-10-05 19:50:11,10.1483,-85.452,89.15,76,61,2.84
459,Kardla,EE,2021-10-05 19:54:01,58.9978,22.7492,53.06,68,100,19.28
460,Powell,US,2021-10-05 19:54:02,40.1578,-83.0752,82.35,63,75,4.0
461,Cayenne,GF,2021-10-05 19:54:02,4.9333,-52.3333,87.84,76,20,4.0
462,Bud,US,2021-10-05 19:54:03,39.447,-86.1758,78.22,72,83,6.26
463,Polyarnyy,RU,2021-10-05 19:54:03,69.1989,33.4478,52.27,84,100,22.24
464,Half Moon Bay,US,2021-10-05 19:50:41,37.4636,-122.4286,81.59,67,40,1.01
465,Caceres,ES,2021-10-05 19:54:04,39.522,-6.3748,68.81,76,9,5.91
466,Tulun,RU,2021-10-05 19:54:04,54.5611,100.5792,30.07,87,14,3.13
467,Prince Rupert,CA,2021-10-05 19:54:04,54.3161,-130.3201,51.89,69,1,6.91
468,Havelock,US,2021-10-05 19:54:05,34.8791,-76.9013,84.94,67,43,3.0
469,Guerrero Negro,MX,2021-10-05 19:54:05,27.9769,-114.0611,78.62,59,2,17.31
470,Barreirinhas,BR,2021-10-05 19:54:05,-2.7469,-42.8264,83.26,66,38,12.15
471,Salvacion,PH,2021-10-05 19:54:06,7.9833,126.1333,72.57,96,100,1.72
472,Ponta Delgada,PT,2021-10-05 19:54:06,37.7333,-25.6667,76.5,94,40,8.05
473,Mongoumba,CF,2021-10-05 19:54:07,3.6415,18.5936,70.75,88,67,3.2
474,Porto Murtinho,BR,2021-10-05 19:54:07,-21.6989,-57.8825,96.26,31,14,5.7
475,Olafsvik,IS,2021-10-05 19:54:08,64.8945,-23.7142,40.19,71,99,15.12
476,Hambantota,LK,2021-10-05 19:54:08,6.1241,81.1185,79.12,82,100,16.15
477,Konce,MK,2021-10-05 19:54:08,41.4958,22.385,57.69,96,0,7.96
478,Namatanai,PG,2021-10-05 19:54:09,-3.6667,152.4333,78.84,84,100,7.67
479,Zolotonosha,UA,2021-10-05 19:54:09,49.6689,32.0377,52.48,54,38,10.85
480,Buta,CD,2021-10-05 19:54:09,2.7858,24.73,70.36,95,74,1.72
481,Dicabisagan,PH,2021-10-05 19:54:10,17.0818,122.4157,77.0,93,100,3.56
482,Porto Novo,BJ,2021-10-05 19:54:10,6.4965,2.6036,82.22,86,99,5.86
483,Gizo,SB,2021-10-05 19:54:10,-8.103,156.8419,82.4,74,100,8.32
484,Qitaihe,CN,2021-10-05 19:54:11,45.8,130.85,40.32,72,100,2.1
485,Murgab,TM,2021-10-05 19:54:11,37.4966,61.9714,53.47,50,2,6.91
486,Copiapo,CL,2021-10-05 19:54:12,-27.3667,-70.3333,58.69,25,0,8.14
487,Hasaki,JP,2021-10-05 19:54:12,35.7333,140.8333,66.49,86,6,10.36
488,Mandalgovi,MN,2021-10-05 19:54:12,45.7625,106.2708,38.52,48,12,8.14
489,Jacareacanga,BR,2021-10-05 19:54:13,-6.2222,-57.7528,97.11,46,0,6.91
490,Rostock,DE,2021-10-05 19:54:13,54.0887,12.1405,55.94,97,100,11.32
491,Bilma,NE,2021-10-05 19:54:13,18.6853,12.9164,86.31,15,1,8.23
492,Vadamadurai,IN,2021-10-05 19:54:14,10.4667,78.0833,75.83,84,100,2.06
493,Bubaque,GW,2021-10-05 19:53:19,11.2833,-15.8333,83.44,69,100,2.33
494,Kiunga,PG,2021-10-05 19:54:14,-6.1219,141.2906,71.01,99,83,0.6
495,Katsina,NG,2021-10-05 19:54:15,12.9894,7.6006,86.95,27,14,8.52
496,Harlingen,US,2021-10-05 19:52:52,26.1906,-97.6961,92.25,39,0,13.71
497,Ulyanovsk,RU,2021-10-05 19:54:16,54.0,48.0,34.56,63,84,1.63
498,Wattegama,LK,2021-10-05 19:54:16,6.7989,81.4808,76.68,82,100,9.19
499,Aktyubinskiy,RU,2021-10-05 19:54:16,54.8137,52.8056,35.37,54,100,4.54
500,Amapa,BR,2021-10-05 19:54:17,1.0,-52.0,83.44,66,99,2.24
501,Oktyabrskiy,RU,2021-10-05 19:54:17,54.4815,53.471,37.74,52,100,3.33
502,Jumla,NP,2021-10-05 19:54:18,29.2747,82.1838,57.07,80,58,0.09
503,Port Hueneme,US,2021-10-05 19:54:18,34.1478,-119.1951,87.46,54,1,5.75
504,Hervey Bay,AU,2021-10-05 19:54:19,-25.2986,152.8535,58.01,60,0,10.63
505,Dakar,SN,2021-10-05 19:54:19,14.6937,-17.4441,84.33,70,40,13.8
506,Belmonte,BR,2021-10-05 19:54:19,-15.8631,-38.8828,81.1,77,76,9.71
507,Piney Green,US,2021-10-05 19:54:20,34.716,-77.3202,85.17,61,1,10.36
508,Goundam,ML,2021-10-05 19:54:20,16.4145,-3.6708,94.06,28,40,0.56
509,Nelson Bay,AU,2021-10-05 19:54:20,-32.7167,152.15,54.68,73,3,13.85
510,Dongkan,CN,2021-10-05 19:54:21,33.9997,119.8308,69.17,92,5,5.35
511,Niquelandia,BR,2021-10-05 19:49:49,-14.4739,-48.4597,98.82,17,33,5.48
512,Atbasar,KZ,2021-10-05 19:54:21,51.8,68.3333,30.61,71,100,6.49
513,Araouane,ML,2021-10-05 19:54:22,18.9048,-3.5265,92.73,25,33,8.72
514,Kulhudhuffushi,MV,2021-10-05 19:54:22,6.6221,73.07,81.73,80,100,18.92
515,Estelle,US,2021-10-05 19:54:22,29.8458,-90.1067,84.06,69,75,8.05
516,Grand Gaube,MU,2021-10-05 19:54:23,-20.0064,57.6608,71.38,79,35,1.01
517,Gazanjyk,TM,2021-10-05 19:54:23,39.2446,55.5154,59.52,36,22,19.44
518,San Francisco,US,2021-10-05 19:52:10,37.7749,-122.4194,81.64,74,75,3.0
519,Kandava,LV,2021-10-05 19:54:24,57.0409,22.7747,52.72,59,100,17.52
520,Ballina,AU,2021-10-05 19:54:24,-28.8667,153.5667,53.56,58,0,5.75
521,Mitsamiouli,KM,2021-10-05 19:54:25,-11.3847,43.2844,75.78,83,9,2.75
522,Natal,BR,2021-10-05 19:51:06,-5.795,-35.2094,84.85,65,20,14.97
523,Vaasa,FI,2021-10-05 19:54:25,63.096,21.6158,53.62,87,75,9.22
524,Bad Sachsa,DE,2021-10-05 19:54:25,51.595,10.5555,55.26,97,75,8.1
525,Zuenoula,CI,2021-10-05 19:54:26,7.4292,-6.0431,74.98,88,10,4.34
526,Blackwater,AU,2021-10-05 19:54:27,-23.5833,148.8833,63.81,29,0,8.34
527,China,MX,2021-10-05 19:54:27,25.7,-99.2333,90.23,27,6,8.37
528,Saint-Pierre,RE,2021-10-05 19:54:27,-21.3393,55.4781,69.48,78,2,2.3
529,Khandyga,RU,2021-10-05 19:54:28,62.6667,135.6,26.06,98,99,4.09
530,Tevaitoa,PF,2021-10-05 19:54:28,-16.7833,-151.5,78.12,70,11,15.68
531,Mizdah,LY,2021-10-05 19:54:28,31.4451,12.9801,75.51,36,0,8.14
532,Kenai,US,2021-10-05 19:54:29,60.5544,-151.2583,41.14,81,90,0.0
533,Russell,US,2021-10-05 19:53:05,32.3502,-85.1999,74.48,80,90,8.05
534,Voineasa,RO,2021-10-05 19:54:29,44.2833,24.1333,55.35,50,0,12.66
535,Mandera,KE,2021-10-05 19:54:30,3.9366,41.867,86.2,45,99,20.31
536,Hay River,CA,2021-10-05 19:54:30,60.8156,-115.7999,37.38,87,90,9.22
537,Carballo,ES,2021-10-05 19:54:30,43.213,-8.691,61.86,93,66,1.01
538,Oranjemund,NA,2021-10-05 19:54:31,-28.55,16.4333,58.64,78,81,2.77
539,Itoman,JP,2021-10-05 19:54:31,26.1247,127.6694,83.17,85,20,5.75
540,Alofi,NU,2021-10-05 19:54:31,-19.0595,-169.9187,76.89,83,100,9.22
541,Teya,RU,2021-10-05 19:54:32,60.3778,92.6267,26.17,93,30,2.15
542,Wschowa,PL,2021-10-05 19:54:32,51.807,16.3166,67.89,89,100,5.53
543,Burns Lake,CA,2021-10-05 19:54:33,54.2331,-125.7533,38.62,77,100,8.68
544,Asau,RO,2021-10-05 19:54:34,46.4333,26.4,45.75,63,0,2.15
545,Nurota,UZ,2021-10-05 19:54:35,40.5614,65.6886,48.29,43,58,8.88
546,Varzea Da Palma,BR,2021-10-05 19:54:35,-17.5981,-44.7308,96.53,19,100,4.45
547,Kirksville,US,2021-10-05 19:54:37,40.1948,-92.5833,69.98,68,90,8.05
548,Lar,IN,2021-10-05 19:54:38,26.2039,83.9717,80.76,72,0,1.28
549,Socota,CO,2021-10-05 19:54:38,6.0403,-72.6351,60.15,72,98,4.47
550,Merauke,ID,2021-10-05 19:54:32,-8.4667,140.3333,73.44,90,100,9.66
551,Brigham City,US,2021-10-05 19:54:38,41.5102,-112.0155,81.19,25,83,1.99
552,Bereda,ES,2021-10-05 19:54:39,43.2686,-7.5406,56.95,99,100,1.05
553,Kongolo,CD,2021-10-05 19:54:39,-5.3833,27.0,69.13,94,100,4.59
554,Bend,US,2021-10-05 19:51:45,44.0582,-121.3153,67.98,27,1,4.0
555,Charlestown,AU,2021-10-05 19:53:18,-32.95,151.6667,54.41,62,18,1.01
556,Visby,SE,2021-10-05 19:54:40,57.6409,18.296,57.85,82,0,16.11
557,Sigli,ID,2021-10-05 19:54:40,5.3848,95.9609,79.02,78,100,5.17
558,Sitka,US,2021-10-05 19:54:32,57.0531,-135.33,47.88,56,0,4.03
559,Aitape,PG,2021-10-05 19:54:41,-3.1374,142.3475,76.39,90,73,3.67
560,Dunedin,NZ,2021-10-05 19:54:21,-45.8742,170.5036,51.96,97,100,14.76
561,Domoni,KM,2021-10-05 19:54:41,-12.2569,44.5319,76.01,84,10,4.12
562,Henties Bay,NA,2021-10-05 19:54:42,-22.116,14.2845,55.85,87,2,5.01
563,Golyshmanovo,RU,2021-10-05 19:54:42,56.3979,68.3728,26.56,86,52,4.23
564,Daitari,IN,2021-10-05 19:54:43,21.1,85.75,73.67,91,9,1.12
565,Dingle,PH,2021-10-05 19:54:43,10.9995,122.6711,74.16,96,100,1.68
566,Kijang,KR,2021-10-05 19:54:43,35.2442,129.2139,73.13,87,33,9.15
567,Ishinomaki,JP,2021-10-05 19:54:44,38.4167,141.3,66.06,80,99,13.71
568,Tucupita,VE,2021-10-05 19:54:44,9.0622,-62.051,88.07,59,41,5.57
569,Evensk,RU,2021-10-05 19:54:44,61.95,159.2333,29.77,57,100,12.64
570,North Myrtle Beach,US,2021-10-05 19:51:56,33.816,-78.68,80.89,84,75,5.01
571,Ouahigouya,BF,2021-10-05 19:54:45,13.5828,-2.4216,91.29,26,78,3.09
572,Tiznit,MA,2021-10-05 19:54:45,29.5833,-9.5,73.85,46,94,0.81
573,Cambridge,CA,2021-10-05 19:54:46,43.3601,-80.3127,64.24,94,90,2.3
574,Mazara Del Vallo,IT,2021-10-05 19:54:46,37.6641,12.588,73.0,81,63,14.27
575,Zyryanka,RU,2021-10-05 19:54:47,65.75,150.85,19.99,75,79,7.14
576,Hovd,MN,2021-10-05 19:54:47,48.0056,91.6419,37.58,31,77,5.3
577,Cabinda,AO,2021-10-05 19:54:47,-5.55,12.2,76.57,75,100,8.23
578,Jember,ID,2021-10-05 19:54:48,-8.166,113.7032,72.37,94,89,2.91
579,Kirakira,SB,2021-10-05 19:53:55,-10.4544,161.9205,81.39,78,30,5.68
580,Curuca,BR,2021-10-05 19:54:48,-0.7289,-47.8481,84.54,60,78,10.27
581,Buchanan,LR,2021-10-05 19:54:49,5.8808,-10.0467,80.56,87,26,7.96
582,Huarmey,PE,2021-10-05 19:54:49,-10.0681,-78.1522,68.4,74,44,12.75
583,Leningradskiy,RU,2021-10-05 19:54:01,69.3833,178.4167,29.97,98,100,8.77
584,Baihar,IN,2021-10-05 19:54:50,22.1,80.55,71.82,94,100,1.95
585,Vanavara,RU,2021-10-05 19:54:50,60.34,102.2797,25.16,92,73,3.85
586,Banjar,ID,2021-10-05 19:54:51,-8.19,114.9675,78.66,90,60,8.55
587,Kushmurun,KZ,2021-10-05 19:54:51,52.4503,64.6311,33.76,63,89,4.45
588,Kiruna,SE,2021-10-05 19:54:51,67.8557,20.2251,45.52,81,23,17.27
589,Ardabil,IR,2021-10-05 19:54:52,38.2498,48.2933,44.15,93,75,18.41
590,Laguna,US,2021-10-05 19:54:52,38.421,-121.4238,87.64,37,1,4.0
591,Kibaya,TZ,2021-10-05 19:54:53,-5.3,36.5667,63.77,59,73,7.81
592,Zaranj,AF,2021-10-05 19:54:53,30.9667,61.8833,60.76,15,2,7.16
593,Bonavista,CA,2021-10-05 19:54:53,48.6499,-53.1147,49.12,72,100,27.89
594,Whangamata,NZ,2021-10-05 19:54:54,-37.2,175.8667,59.09,83,66,1.79
595,Darhan,MN,2021-10-05 19:54:54,49.4867,105.9228,44.26,59,100,1.66
596,Skender Vakuf,BA,2021-10-05 19:54:54,44.4908,17.3775,63.07,76,73,5.14
597,Singaparna,ID,2021-10-05 19:54:55,-7.3515,108.111,69.98,97,96,3.02
598,Paamiut,GL,2021-10-05 19:54:55,61.994,-49.6678,36.41,72,7,11.21
599,Clinton,US,2021-10-05 19:53:49,42.587,-82.9199,70.02,87,90,1.01
600,Muros,ES,2021-10-05 19:54:56,42.7762,-9.0603,63.23,90,6,5.39
601,Erzin,TR,2021-10-05 19:54:56,36.9559,36.2,72.0,40,0,1.23
602,Laiyang,CN,2021-10-05 19:54:56,36.9758,120.7136,60.76,75,100,4.7
603,Calama,CL,2021-10-05 19:54:21,-22.4667,-68.9333,73.89,5,0,21.85
604,Wenling,CN,2021-10-05 19:54:57,28.3669,121.36,75.9,86,42,5.28
605,Karratha,AU,2021-10-05 19:54:57,-20.7377,116.8463,71.82,28,0,15.37
606,Along,IN,2021-10-05 19:54:58,28.1667,94.7667,67.73,94,15,1.5
607,Nchelenge,ZM,2021-10-05 19:54:58,-9.3451,28.734,76.21,65,98,4.99
608,Kidal,ML,2021-10-05 19:54:58,18.4411,1.4078,91.99,15,12,9.64
609,Doctor Juan Leon Mallorquin,PY,2021-10-05 19:54:59,-25.4,-55.2667,83.93,65,50,4.59
610,Lexington Park,US,2021-10-05 19:54:59,38.2668,-76.4538,83.66,83,75,1.01
611,Barvinkove,UA,2021-10-05 19:55:00,48.9097,37.0205,49.51,65,45,11.32
612,Korla,CN,2021-10-05 19:55:00,41.7597,86.1469,53.49,46,0,4.59
613,Hami,CN,2021-10-05 19:53:45,42.8,93.45,55.58,21,15,4.76
614,Cayeli,TR,2021-10-05 19:55:01,41.0923,40.7292,56.89,86,100,6.29
615,Greenfield,US,2021-10-05 19:55:03,42.9614,-88.0126,68.65,83,90,1.99
616,Kango,GA,2021-10-05 19:55:03,0.1943,10.0951,74.8,96,100,4.88
617,Matay,EG,2021-10-05 19:55:04,28.419,30.7792,73.65,48,0,17.09
618,Wajir,KE,2021-10-05 19:55:04,1.7471,40.0573,82.69,43,31,22.17
619,Siloam Springs,US,2021-10-05 19:50:07,36.1881,-94.5405,77.99,46,1,1.99
620,Rio Gallegos,AR,2021-10-05 19:55:05,-51.6226,-69.2181,53.65,24,0,14.97
621,Zambezi,ZM,2021-10-05 19:55:05,-13.5432,23.1047,69.91,68,86,5.44
622,Mahesana,IN,2021-10-05 19:55:06,23.6,72.4,80.15,70,16,5.41
623,Cooma,AU,2021-10-05 19:55:06,-36.2333,149.1333,42.57,56,0,11.5
624,Doctor Arroyo,MX,2021-10-05 19:55:07,23.6667,-100.1833,70.57,58,87,4.88
625,Makakilo City,US,2021-10-05 19:55:07,21.3469,-158.0858,82.62,66,90,0.0
626,Krasnyy Chikoy,RU,2021-10-05 19:55:08,50.3643,108.7512,38.28,77,100,2.19
627,Itaituba,BR,2021-10-05 19:55:08,-4.2761,-55.9836,93.36,55,20,4.18
628,Shebunino,RU,2021-10-05 19:55:08,46.4339,141.8603,47.95,74,91,3.38
629,Vallenar,CL,2021-10-05 19:55:09,-28.5708,-70.7581,76.78,25,0,8.72
630,Keningau,MY,2021-10-05 19:55:09,5.3378,116.1602,73.85,95,100,0.78
631,Musafirkhana,IN,2021-10-05 19:55:10,26.3667,81.8,79.65,75,2,1.63
632,Halifax,CA,2021-10-05 19:55:10,44.6453,-63.5724,67.68,53,75,8.05
633,Sturgeon Falls,CA,2021-10-05 19:55:11,46.3646,-79.9326,68.09,54,0,1.5
634,Maceio,BR,2021-10-05 19:51:05,-9.6658,-35.7353,85.44,65,0,8.05
635,Kosh-Agach,RU,2021-10-05 19:55:11,50.0,88.6667,23.58,68,47,2.13
636,Taltal,CL,2021-10-05 19:55:12,-25.4,-70.4833,62.08,66,26,7.14
637,Robertsport,LR,2021-10-05 19:55:12,6.7533,-11.3686,80.46,84,100,8.59
638,Boyolangu,ID,2021-10-05 19:55:12,-8.1181,111.8935,73.47,89,98,7.54
639,Sahuaripa,MX,2021-10-05 19:55:13,29.05,-109.2333,93.79,31,92,3.94
640,Synya,RU,2021-10-05 19:55:13,65.3718,58.0387,36.07,96,50,8.32
641,Lida,BY,2021-10-05 19:55:14,53.8833,25.2997,50.67,60,83,19.53
642,Araguacu,BR,2021-10-05 19:55:14,-12.9306,-49.8264,96.22,31,55,4.25
643,Barcelos,PT,2021-10-05 19:50:55,41.5388,-8.6151,64.92,87,0,4.54
644,Colares,PT,2021-10-05 19:55:14,38.7992,-9.4469,69.48,78,20,8.99
645,Peterhead,GB,2021-10-05 19:55:15,57.5058,-1.7981,50.4,89,100,25.59
646,Uhlove,UA,2021-10-05 19:55:15,44.8215,33.6045,52.57,74,100,18.92
647,Baykit,RU,2021-10-05 19:55:16,61.67,96.37,26.65,95,51,3.4
648,Riyadh,SA,2021-10-05 19:53:46,24.6877,46.7219,87.94,26,4,6.35
649,Kuusamo,FI,2021-10-05 19:55:16,65.9667,29.1833,46.44,93,90,12.66
650,Celestun,MX,2021-10-05 19:55:17,20.8667,-90.4,83.39,68,43,9.93
651,Berdigestyakh,RU,2021-10-05 19:55:17,62.0989,126.6992,26.29,95,82,5.26
652,Armidale,AU,2021-10-05 19:55:17,-30.5167,151.65,31.8,66,0,2.51
653,Kudahuvadhoo,MV,2021-10-05 19:55:18,2.6708,72.8944,83.64,74,99,17.67
654,Buala,SB,2021-10-05 19:55:19,-8.145,159.5921,80.92,78,95,5.79
655,Yangjiang,CN,2021-10-05 19:55:19,21.85,111.9667,76.95,86,98,5.61
656,Taitung,TW,2021-10-05 19:55:19,22.7583,121.1444,78.73,74,0,11.05
657,Sabang,ID,2021-10-05 19:55:20,5.8933,95.3214,82.53,77,100,16.78
